id;first_name;last_name;email;gender;ip_address
999;Ive;Spire;ispirerq@artisteer.com;Non-binary;90.159.116.198
998;Peadar;Gooke;pgookerp@ibm.com;Female;95.74.96.192
997;Nikola;Harding;nhardingro@opensource.org;Female;6.172.154.205
996;Helen-elizabeth;Greep;hgreeprn@reuters.com;Male;245.219.17.216
995;Carlynne;Test;ctestrm@wikispaces.com;Male;188.211.109.190
994;Darrell;Braithwaite;dbraithwaiterl@mysql.com;Male;230.61.88.207
993;Raymund;Macer;rmacerrk@squarespace.com;Male;153.44.31.205
992;Gaye;Handman;ghandmanrj@dagondesign.com;Female;240.165.172.182
991;Dominica;Kidby;dkidbyri@themeforest.net;Male;138.23.3.44
990;Karel;Murra;kmurrarh@illinois.edu;Female;128.120.10.60
989;Bradford;Ballingal;bballingalrg@friendfeed.com;Female;165.82.200.37
988;Noelyn;Novic;nnovicrf@google.ru;Male;119.0.216.192
987;Ignaz;Kassidy;ikassidyre@squarespace.com;Male;168.8.17.40
986;Lance;Greder;lgrederrd@independent.co.uk;Male;95.210.234.244
985;Brnaba;Barbrick;bbarbrickrc@myspace.com;Female;220.157.171.103
984;Tally;Storror;tstorrorrb@google.com.hk;Female;225.58.51.106
983;Marita;Melmoth;mmelmothra@mysql.com;Female;14.58.72.69
982;Willyt;Pieter;wpieterr9@nature.com;Female;236.158.11.241
981;Honoria;Stilgo;hstilgor8@theatlantic.com;Female;233.151.180.236
980;Christi;Cuthbert;ccuthbertr7@livejournal.com;Female;219.127.111.108
979;Sinclair;Osbiston;sosbistonr6@tiny.cc;Male;57.163.204.168
978;Marissa;Leve;mlever5@latimes.com;Male;146.241.235.252
977;Tull;Prewett;tprewettr4@ifeng.com;Male;158.13.16.169
976;Hanna;Lusted;hlustedr3@yahoo.co.jp;Bigender;155.238.117.9
975;Herculie;Barles;hbarlesr2@businessweek.com;Male;70.201.141.122
974;Bernardina;McPeice;bmcpeicer1@parallels.com;Male;196.117.61.30
973;Cecile;Ballston;cballstonr0@hp.com;Male;190.169.227.69
972;Lombard;Rossi;lrossiqz@noaa.gov;Genderfluid;191.12.135.98
971;Keith;Rapier;krapierqy@plala.or.jp;Male;217.38.16.84
970;Carmine;Noar;cnoarqx@bloomberg.com;Female;18.59.152.249
969;Garik;Orro;gorroqw@dyndns.org;Female;222.246.113.105
968;Pacorro;Peschet;ppeschetqv@ca.gov;Female;232.162.121.162
967;Jose;Madison;jmadisonqu@census.gov;Female;94.50.82.195
966;Modesta;Bampford;mbampfordqt@gizmodo.com;Polygender;154.11.232.150
965;Erasmus;Duke;edukeqs@elegantthemes.com;Male;131.207.221.29
964;Alan;Haith;ahaithqr@purevolume.com;Male;166.17.73.132
963;Cass;Wheildon;cwheildonqq@csmonitor.com;Male;8.132.224.188
962;Danya;Tite;dtiteqp@admin.ch;Female;3.111.158.14
961;Fran;Notti;fnottiqo@comsenz.com;Male;108.186.59.124
960;Shirlee;Butterick;sbutterickqn@oakley.com;Female;21.203.244.109
959;Kalvin;Shuttleworth;kshuttleworthqm@xrea.com;Female;89.81.159.126
958;Rolph;Greystoke;rgreystokeql@wunderground.com;Male;109.114.137.186
957;Jeniffer;Fraanchyonok;jfraanchyonokqk@nyu.edu;Male;76.85.72.110
956;Whitaker;Anscombe;wanscombeqj@google.com.au;Male;73.203.23.125
955;Brooks;Choke;bchokeqi@rakuten.co.jp;Female;64.165.67.124
954;Tildie;Gockelen;tgockelenqh@1und1.de;Non-binary;230.231.146.56
953;Lynda;Berzon;lberzonqg@dailymotion.com;Male;34.118.131.133
952;Jaquelyn;Marielle;jmarielleqf@e-recht24.de;Male;199.217.30.70
951;Maren;Damsell;mdamsellqe@exblog.jp;Female;158.38.115.223
950;Karalee;Pentecust;kpentecustqd@mapy.cz;Male;14.133.93.129
949;Dulce;Leavry;dleavryqc@parallels.com;Female;82.83.246.27
948;Godfry;Cruwys;gcruwysqb@squidoo.com;Female;245.187.86.20
947;Jenica;Castro;jcastroqa@google.cn;Male;42.108.117.97
946;Simmonds;Bazelle;sbazelleq9@csmonitor.com;Male;175.32.212.76
945;Walliw;Sutty;wsuttyq8@nhs.uk;Male;14.7.167.235
944;Sibilla;Cubley;scubleyq7@google.es;Female;211.13.237.196
943;Ezechiel;Huygen;ehuygenq6@cnbc.com;Female;234.43.29.196
942;Datha;Settle;dsettleq5@tmall.com;Male;89.4.86.19
941;Alissa;Softley;asoftleyq4@google.com.au;Male;45.82.243.20
940;Neysa;Croome;ncroomeq3@ucsd.edu;Male;101.91.103.111
939;Pedro;Deval;pdevalq2@europa.eu;Male;159.221.31.14
938;Jaymie;Bilsford;jbilsfordq1@bbc.co.uk;Male;183.11.22.160
937;Tabbatha;Montrose;tmontroseq0@indiegogo.com;Male;230.239.148.23
936;Pedro;Pietrzak;ppietrzakpz@disqus.com;Male;191.198.147.31
935;Pansie;Moors;pmoorspy@techcrunch.com;Female;197.189.148.224
934;Moyra;Bellini;mbellinipx@adobe.com;Male;28.227.252.246
933;Fraze;Stonhewer;fstonhewerpw@sphinn.com;Male;78.12.105.7
932;Loree;Covert;lcovertpv@diigo.com;Male;19.147.131.31
931;Barbey;O'Flaverty;boflavertypu@apple.com;Non-binary;200.197.157.210
930;Burtie;Purselowe;bpurselowept@hc360.com;Male;51.123.22.85
929;Katherina;Adcock;kadcockps@vistaprint.com;Male;52.154.231.96
928;Ardella;Cordingly;acordinglypr@live.com;Female;202.210.84.143
927;Rani;de Lloyd;rdelloydpq@blogger.com;Male;61.151.127.250
926;Andrew;Dallicott;adallicottpp@amazon.co.jp;Female;205.251.167.197
925;Clarance;Shemelt;cshemeltpo@pbs.org;Male;8.113.117.243
924;Lavena;Bayfield;lbayfieldpn@friendfeed.com;Male;84.78.248.227
923;Breena;Nisot;bnisotpm@slate.com;Male;3.129.141.252
922;Vivia;Clouter;vclouterpl@admin.ch;Female;8.120.202.124
921;Mavis;Bier;mbierpk@deliciousdays.com;Female;75.96.204.204
920;Etan;Islip;eislippj@storify.com;Female;78.139.244.35
919;Teresa;Fosdyke;tfosdykepi@netvibes.com;Female;122.164.200.159
918;Daphna;Hews;dhewsph@prweb.com;Female;234.63.0.237
917;Lind;Pietrowski;lpietrowskipg@ed.gov;Genderfluid;71.181.187.40
916;Krishnah;Bayford;kbayfordpf@sbwire.com;Female;64.220.131.73
915;Payton;Luetkemeyer;pluetkemeyerpe@comsenz.com;Male;151.79.46.203
914;Frederico;Archambault;farchambaultpd@ibm.com;Male;92.123.56.58
913;Alva;Brazur;abrazurpc@marketwatch.com;Female;14.250.40.187
912;Rosabella;Climie;rclimiepb@berkeley.edu;Male;63.161.84.249
911;Beauregard;Widdows;bwiddowspa@weebly.com;Male;148.51.89.89
910;Billye;Rowson;browsonp9@t.co;Male;51.61.57.2
909;Monique;Beidebeke;mbeidebekep8@friendfeed.com;Female;202.151.200.231
908;Gerhardine;Paulot;gpaulotp7@psu.edu;Male;45.231.233.183
907;Rivkah;Souten;rsoutenp6@phpbb.com;Female;138.7.177.229
906;Arlin;Fildery;afilderyp5@pinterest.com;Genderfluid;116.30.34.66
905;Augustin;Tyhurst;atyhurstp4@blogs.com;Female;159.144.149.173
904;Cordelia;Seeking;cseekingp3@sun.com;Female;190.212.107.30
903;Sascha;Toller;stollerp2@webmd.com;Non-binary;222.10.235.18
902;Else;Thal;ethalp1@sbwire.com;Female;77.42.13.251
901;Katharine;Sansun;ksansunp0@drupal.org;Male;243.0.187.212
900;Gabriella;Ewington;gewingtonoz@mashable.com;Female;187.61.179.57
899;Elwin;Frankish;efrankishoy@mysql.com;Female;17.162.61.153
898;Omar;Sauter;osauterox@lulu.com;Male;59.234.210.197
897;Madelina;Eyden;meydenow@bbc.co.uk;Female;62.68.35.217
896;Jodie;Barrie;jbarrieov@vimeo.com;Female;242.39.255.155
895;Monti;Syres;msyresou@networkadvertising.org;Female;11.170.39.62
894;Roanna;Kliche;rklicheot@prweb.com;Female;184.38.48.212
893;Prudi;Henrichs;phenrichsos@surveymonkey.com;Female;224.211.160.115
892;Almeta;Cockshutt;acockshuttor@bbb.org;Female;225.59.131.98
891;Evelin;Ellyatt;eellyattoq@ibm.com;Male;90.92.36.46
890;Natasha;Shoebrook;nshoebrookop@parallels.com;Bigender;84.115.46.64
889;Bertrando;Lello;blellooo@army.mil;Male;142.174.2.85
888;Sylvester;Aronowicz;saronowiczon@myspace.com;Female;123.186.126.98
887;Nonnah;Frances;nfrancesom@goo.gl;Female;127.223.205.15
886;Nealson;Semorad;nsemoradol@dropbox.com;Male;61.97.23.191
885;Anastasie;Prichard;aprichardok@phoca.cz;Male;60.101.238.7
884;Anton;McGreary;amcgrearyoj@quantcast.com;Male;232.202.125.100
883;Matthus;Slograve;mslograveoi@webs.com;Non-binary;251.144.2.66
882;Deb;Everist;deveristoh@tamu.edu;Male;227.85.104.41
881;Burr;Mathivet;bmathivetog@prlog.org;Bigender;176.203.76.54
880;Bea;Rayson;braysonof@google.co.jp;Male;147.127.211.92
879;Ursula;Hunt;uhuntoe@sphinn.com;Female;204.54.40.59
878;Raynell;Woodcraft;rwoodcraftod@amazon.de;Female;19.83.144.89
877;Petronia;Buckenham;pbuckenhamoc@devhub.com;Male;24.153.164.255
876;Emily;Attree;eattreeob@usnews.com;Agender;216.179.215.78
875;Zorah;O'Hagerty;zohagertyoa@ucoz.com;Male;213.170.86.135
874;Heall;Heild;hheildo9@sourceforge.net;Female;198.8.160.83
873;Kippie;Howle;khowleo8@unesco.org;Male;224.129.89.103
872;Chrisy;Waterstone;cwaterstoneo7@springer.com;Male;228.231.6.242
871;Gilbertina;Woodcock;gwoodcocko6@google.com.au;Non-binary;22.170.153.37
870;Jasmin;Tynewell;jtynewello5@toplist.cz;Male;149.110.111.97
869;Ellyn;Nutbeem;enutbeemo4@blogger.com;Polygender;50.174.227.18
868;Estell;Lotze;elotzeo3@wsj.com;Male;191.208.116.251
867;Aloisia;Greenwood;agreenwoodo2@shareasale.com;Male;102.216.206.236
866;Dario;Salkeld;dsalkeldo1@omniture.com;Male;220.44.219.26
865;Lorenzo;O'Dowling;lodowlingo0@yahoo.co.jp;Male;167.27.108.188
864;Skye;Jobling;sjoblingnz@sciencedirect.com;Male;119.145.196.76
863;Griselda;Havvock;ghavvockny@webs.com;Female;214.46.188.145
862;Chris;Skeates;cskeatesnx@addtoany.com;Female;215.84.165.59
861;Michal;Gwynne;mgwynnenw@blogspot.com;Female;64.24.14.178
860;Geralda;Wyleman;gwylemannv@unc.edu;Female;50.59.40.46
859;Jolynn;O' Scallan;joscallannu@mtv.com;Male;249.85.89.86
858;Simona;MacArthur;smacarthurnt@tmall.com;Genderfluid;67.7.71.106
857;Julita;Huison;jhuisonns@apple.com;Female;253.156.160.182
856;Lancelot;Windham;lwindhamnr@dagondesign.com;Female;132.87.41.119
855;Fawn;Izkovicz;fizkovicznq@cnbc.com;Male;237.84.125.114
854;Yolanda;Froschauer;yfroschauernp@elegantthemes.com;Female;231.213.1.140
853;Valentijn;Murty;vmurtyno@prnewswire.com;Male;155.47.61.30
852;Tabby;Goodison;tgoodisonnn@etsy.com;Female;169.207.79.97
851;Emmalee;Markussen;emarkussennm@miitbeian.gov.cn;Bigender;52.87.198.214
850;Francoise;Vasyushkhin;fvasyushkhinnl@paypal.com;Female;161.18.51.132
849;Carter;Pascho;cpaschonk@pinterest.com;Female;44.95.49.198
848;Ree;Griniov;rgriniovnj@youtu.be;Female;203.115.77.156
847;Berri;Michurin;bmichurinni@photobucket.com;Female;16.49.97.143
846;Mark;Middleditch;mmiddleditchnh@google.nl;Female;11.107.132.58
845;Pauli;Luck;pluckng@shareasale.com;Male;101.219.8.28
844;Donovan;Hounsom;dhounsomnf@themeforest.net;Female;119.9.0.229
843;Arleen;Shilleto;ashilletone@pagesperso-orange.fr;Male;26.100.77.22
842;Andrea;O'Ruane;aoruanend@booking.com;Female;167.216.61.55
841;Harman;Croney;hcroneync@plala.or.jp;Male;157.45.181.17
840;Broderic;Keeney;bkeeneynb@ucsd.edu;Female;204.180.118.255
839;Guillaume;Gumley;ggumleyna@nbcnews.com;Male;255.76.173.112
838;Beatrix;McDunlevy;bmcdunlevyn9@biblegateway.com;Male;156.95.215.66
837;Cherry;Lusk;cluskn8@so-net.ne.jp;Female;27.174.85.214
836;Garry;Zanassi;gzanassin7@usnews.com;Female;47.176.221.63
835;Guntar;Edgley;gedgleyn6@posterous.com;Genderqueer;205.191.191.237
834;Jackie;Ridehalgh;jridehalghn5@exblog.jp;Female;129.90.8.130
833;Rania;Wadman;rwadmann4@globo.com;Male;151.198.248.147
832;Lemmy;Divisek;ldivisekn3@studiopress.com;Male;39.10.94.195
831;Pierson;Hummerston;phummerstonn2@tripod.com;Genderqueer;79.251.101.114
830;Kali;Bleacher;kbleachern1@last.fm;Male;1.65.73.54
829;Augusto;Becraft;abecraftn0@elpais.com;Female;57.172.126.246
828;Zacharias;Staneland;zstanelandmz@friendfeed.com;Male;14.107.216.49
827;Gertrude;Matushevitz;gmatushevitzmy@dropbox.com;Male;77.163.15.13
826;Erny;Annwyl;eannwylmx@purevolume.com;Male;74.160.130.152
825;Lib;Scourge;lscourgemw@webmd.com;Male;123.229.140.207
824;Pearline;Buckberry;pbuckberrymv@admin.ch;Male;88.33.23.48
823;Allissa;Waldock;awaldockmu@bandcamp.com;Male;108.112.34.187
822;Ilse;Lindsey;ilindseymt@artisteer.com;Male;45.137.18.28
821;Ursuline;Kinder;ukinderms@webeden.co.uk;Female;148.23.89.166
820;Dougie;Tesimon;dtesimonmr@desdev.cn;Male;216.219.123.136
819;Valenka;Twelftree;vtwelftreemq@xing.com;Male;55.214.185.255
818;Forest;Nield;fnieldmp@indiegogo.com;Male;113.195.13.248
817;Tamma;Blount;tblountmo@macromedia.com;Female;208.144.2.144
816;Mendel;Kobierski;mkobierskimn@sourceforge.net;Male;128.77.118.94
815;Marney;Phethean;mphetheanmm@google.nl;Male;7.12.32.2
814;Fawnia;Angrick;fangrickml@vinaora.com;Male;236.144.68.248
813;Levon;Ambroise;lambroisemk@utexas.edu;Male;8.82.216.175
812;Celestyna;Noar;cnoarmj@bloglovin.com;Male;238.154.189.209
811;Juanita;Cowx;jcowxmi@dailymail.co.uk;Male;87.64.174.96
810;Stearne;Simoneschi;ssimoneschimh@opera.com;Male;83.220.44.141
809;Eolanda;Gercke;egerckemg@bizjournals.com;Male;157.68.187.192
808;Dode;Illyes;dillyesmf@wiley.com;Male;195.236.234.103
807;Kipper;Luckie;kluckieme@elegantthemes.com;Male;120.150.239.108
806;Marcellus;Faragan;mfaraganmd@toplist.cz;Agender;51.105.217.111
805;Judye;Wilshire;jwilshiremc@cargocollective.com;Female;146.76.130.72
804;Arvie;Dallimore;adallimoremb@bigcartel.com;Male;208.123.95.75
803;Cosme;Phelps;cphelpsma@upenn.edu;Female;136.52.19.138
802;Maiga;Morland;mmorlandm9@narod.ru;Genderfluid;94.119.160.250
801;Giacopo;Benedicte;gbenedictem8@reverbnation.com;Male;11.113.86.200
800;Randie;Zaniolo;rzaniolom7@wired.com;Male;53.250.108.85
799;Dorothee;Pietranek;dpietranekm6@mayoclinic.com;Female;240.223.136.29
798;Dall;Iacovides;diacovidesm5@xrea.com;Female;87.4.31.126
797;Guss;Gathwaite;ggathwaitem4@seattletimes.com;Male;247.65.254.239
796;Wenda;Penhalewick;wpenhalewickm3@hexun.com;Male;231.142.162.230
795;Dasha;Dasent;ddasentm2@theatlantic.com;Female;62.202.210.67
794;Abagail;Danforth;adanforthm1@newyorker.com;Bigender;222.201.224.208
793;Haley;Spieck;hspieckm0@upenn.edu;Male;203.20.138.178
792;Anissa;Scandroot;ascandrootlz@wikipedia.org;Female;212.82.38.71
791;Gerald;Kennally;gkennallyly@123-reg.co.uk;Male;235.214.27.21
790;Prent;Ceresa;pceresalx@illinois.edu;Female;4.48.162.117
789;Griswold;Oxton;goxtonlw@canalblog.com;Male;7.64.241.104
788;Colan;Sygroves;csygroveslv@elegantthemes.com;Male;97.121.108.231
787;Druci;Seckington;dseckingtonlu@buzzfeed.com;Non-binary;235.132.16.251
786;Pepillo;Flaws;pflawslt@ow.ly;Female;62.16.67.103
785;Marcela;Ashborne;mashbornels@sogou.com;Male;145.208.85.255
784;Tito;Jahan;tjahanlr@discovery.com;Male;195.107.227.209
783;Timothee;Shawley;tshawleylq@bizjournals.com;Male;0.30.13.14
782;Gearard;Tipton;gtiptonlp@devhub.com;Male;34.15.253.110
781;Caye;Ellings;cellingslo@alibaba.com;Non-binary;36.253.62.35
780;Clarke;Glowach;cglowachln@drupal.org;Female;99.218.59.98
779;Gerek;Holtum;gholtumlm@mysql.com;Male;172.54.73.115
778;Stanleigh;Joannet;sjoannetll@columbia.edu;Male;193.68.169.200
777;Heall;Chisholm;hchisholmlk@sciencedirect.com;Male;79.28.134.166
776;Heriberto;Durtnel;hdurtnellj@friendfeed.com;Male;96.72.187.130
775;Anny;Ricca;ariccali@wordpress.com;Female;197.187.67.226
774;Owen;Took;otooklh@bloglines.com;Male;168.205.182.152
773;Maritsa;MacDuffie;mmacduffielg@usgs.gov;Female;183.44.174.173
772;Silvana;Graddell;sgraddelllf@moonfruit.com;Female;144.201.87.139
771;Jamie;Gideon;jgideonle@dropbox.com;Male;77.79.173.242
770;Bradford;Reicharz;breicharzld@umn.edu;Male;17.91.18.217
769;Jilly;Diamant;jdiamantlc@mit.edu;Male;58.20.173.66
768;Celinka;Quilkin;cquilkinlb@feedburner.com;Male;203.96.67.43
767;Junie;Bradshaw;jbradshawla@elpais.com;Male;206.244.51.232
766;Tyson;Sterling;tsterlingl9@blinklist.com;Female;41.151.59.113
765;Ellwood;Beausang;ebeausangl8@boston.com;Female;149.254.212.180
764;Sondra;Insley;sinsleyl7@unblog.fr;Male;179.117.11.252
763;Timothy;Austwick;taustwickl6@psu.edu;Male;5.71.248.161
762;Jacki;Mathey;jmatheyl5@gov.uk;Male;236.133.19.146
761;Beitris;Yakovl;byakovll4@icio.us;Female;240.243.7.214
760;Emogene;Conti;econtil3@com.com;Male;167.220.122.197
759;Trumaine;Beelby;tbeelbyl2@msn.com;Male;105.141.45.186
758;Egbert;Robuchon;erobuchonl1@dropbox.com;Male;36.71.76.246
757;Rube;Leatherbarrow;rleatherbarrowl0@fema.gov;Female;246.116.204.189
756;Florenza;Redmile;fredmilekz@de.vu;Agender;48.245.151.250
755;Trisha;Kroll;tkrollky@columbia.edu;Male;84.71.211.112
754;Katharyn;Cowderoy;kcowderoykx@bloglines.com;Male;174.118.87.167
753;Patty;Crackett;pcrackettkw@purevolume.com;Male;25.253.42.96
752;Delphinia;Wrighton;dwrightonkv@shareasale.com;Male;26.70.202.30
751;Marti;Mayhew;mmayhewku@pagesperso-orange.fr;Agender;14.251.111.156
750;Bobbe;Castellino;bcastellinokt@zimbio.com;Female;150.126.47.119
749;Myrna;Hackforth;mhackforthks@buzzfeed.com;Female;175.33.1.188
748;Joellyn;Mallan;jmallankr@fda.gov;Male;54.66.97.6
747;Wyatan;Croan;wcroankq@zimbio.com;Female;73.229.234.31
746;Carlee;Bittlestone;cbittlestonekp@photobucket.com;Male;22.218.0.197
745;Layla;Jacobsohn;ljacobsohnko@printfriendly.com;Male;247.86.185.2
744;Lorant;Castelletto;lcastellettokn@google.co.jp;Female;111.202.121.160
743;Yuma;Hubbis;yhubbiskm@scribd.com;Male;61.64.151.223
742;Halsy;Stutt;hstuttkl@uol.com.br;Female;141.228.63.179
741;Cecil;Raffin;craffinkk@biblegateway.com;Male;205.40.209.242
740;Aindrea;Poile;apoilekj@census.gov;Male;115.115.182.9
739;Reeta;O'Dowgaine;rodowgaineki@nifty.com;Male;190.178.253.182
738;Ciel;Clemintoni;cclemintonikh@last.fm;Male;168.164.244.8
737;Karleen;Goulden;kgouldenkg@joomla.org;Polygender;254.61.255.150
736;Sergent;Greiser;sgreiserkf@prlog.org;Male;41.135.65.163
735;Hatti;Yurkevich;hyurkevichke@umn.edu;Female;229.249.62.78
734;Eleanor;Terron;eterronkd@cpanel.net;Female;97.59.225.188
733;Sayers;Bizley;sbizleykc@fotki.com;Female;17.154.3.172
732;Eilis;Tuplin;etuplinkb@msn.com;Male;110.203.59.35
731;Kailey;Deverill;kdeverillka@friendfeed.com;Male;111.93.54.111
730;Avigdor;Morratt;amorrattk9@indiegogo.com;Female;183.195.194.251
729;Frederica;Gain;fgaink8@biglobe.ne.jp;Male;55.24.76.164
728;Annette;Budik;abudikk7@bloomberg.com;Bigender;66.29.6.137
727;Caria;Mears;cmearsk6@simplemachines.org;Female;16.152.58.189
726;Janis;Lampl;jlamplk5@360.cn;Agender;50.218.93.108
725;Bald;Zarfat;bzarfatk4@scribd.com;Female;253.57.92.91
724;Sayers;Self;sselfk3@fema.gov;Male;205.102.55.99
723;Brinn;Sayton;bsaytonk2@ovh.net;Male;74.242.189.76
722;Bryan;Cary;bcaryk1@oaic.gov.au;Female;88.138.72.114
721;Chelsy;Worboys;cworboysk0@goo.ne.jp;Male;4.55.205.231
720;Emogene;Werendell;ewerendelljz@gov.uk;Male;157.246.98.139
719;Filip;Menlove;fmenlovejy@youku.com;Male;147.197.182.226
718;Merl;Mowen;mmowenjx@sfgate.com;Male;17.18.90.91
717;Lia;Madden;lmaddenjw@fc2.com;Non-binary;65.88.85.157
716;Debi;Stoggell;dstoggelljv@networkadvertising.org;Female;171.86.2.221
715;Angelique;Cauderlie;acauderlieju@delicious.com;Male;62.199.23.49
714;Yulma;Stribling;ystriblingjt@1688.com;Female;25.101.130.241
713;Nona;Georgeon;ngeorgeonjs@nbcnews.com;Male;202.172.144.5
712;Ariana;Jess;ajessjr@mtv.com;Female;132.81.19.12
711;Aindrea;Tribbeck;atribbeckjq@toplist.cz;Male;37.145.135.152
710;Barret;Edgworth;bedgworthjp@topsy.com;Female;61.54.103.181
709;Robby;Gallaher;rgallaherjo@de.vu;Male;75.137.163.149
708;Jimmie;Mogford;jmogfordjn@abc.net.au;Male;175.195.102.23
707;Natka;Luciani;nlucianijm@t.co;Male;152.66.239.41
706;Kris;Coxwell;kcoxwelljl@i2i.jp;Genderfluid;242.167.31.43
705;Elie;Bartolomeazzi;ebartolomeazzijk@home.pl;Female;45.217.224.185
704;Papagena;Ruggs;pruggsjj@java.com;Genderqueer;35.107.252.96
703;Dasya;Doers;ddoersji@printfriendly.com;Agender;252.133.101.247
702;Harriot;Andrzejewski;handrzejewskijh@intel.com;Female;220.202.81.118
701;Westleigh;Collens;wcollensjg@discovery.com;Male;217.42.236.157
700;Joell;Colmer;jcolmerjf@oaic.gov.au;Agender;22.229.17.75
699;Desiree;O'Concannon;doconcannonje@ning.com;Male;216.246.210.183
698;Franciska;Tottie;ftottiejd@github.com;Male;26.63.200.109
697;Dolly;Cristofor;dcristoforjc@eventbrite.com;Polygender;184.181.10.3
696;Alvera;Ellerington;aelleringtonjb@ucoz.ru;Male;177.122.239.166
695;Donnamarie;Joseland;djoselandja@paginegialle.it;Male;218.62.207.183
694;Petra;Salvage;psalvagej9@whitehouse.gov;Male;204.111.92.193
693;Pepito;Gummary;pgummaryj8@joomla.org;Male;46.161.149.80
692;Dugald;Tommaseo;dtommaseoj7@psu.edu;Female;94.226.140.255
691;Dix;Ivanaev;divanaevj6@salon.com;Agender;194.12.95.146
690;Jaquenette;Fudge;jfudgej5@fotki.com;Female;179.163.199.7
689;Brook;Roubert;broubertj4@odnoklassniki.ru;Female;237.207.103.190
688;Dore;Jeandot;djeandotj3@blinklist.com;Female;113.153.198.197
687;Gerda;Christofor;gchristoforj2@myspace.com;Male;13.80.136.64
686;Gus;Sidnell;gsidnellj1@sphinn.com;Male;151.25.90.170
685;King;Rhule;krhulej0@google.co.jp;Female;111.56.149.131
684;Brod;Bertome;bbertomeiz@mysql.com;Female;87.89.142.53
683;Frederic;Crump;fcrumpiy@indiatimes.com;Male;128.46.141.8
682;Nelie;Cromett;ncromettix@state.tx.us;Non-binary;21.79.148.57
681;Cross;Izhakov;cizhakoviw@washington.edu;Male;21.223.212.249
680;Olga;Calderon;ocalderoniv@example.com;Male;101.56.172.25
679;Conchita;Robb;crobbiu@163.com;Male;157.156.191.128
678;Paige;Olivie;polivieit@kickstarter.com;Male;245.126.49.46
677;Joye;Bownes;jbownesis@seesaa.net;Non-binary;120.136.255.158
676;Angil;Biagioni;abiagioniir@nba.com;Female;70.19.210.160
675;Merci;Serck;mserckiq@state.tx.us;Male;39.51.147.175
674;Dulsea;Veighey;dveigheyip@t.co;Male;191.216.215.21
673;Earle;Baldacchi;ebaldacchiio@mlb.com;Male;232.136.171.38
672;Roz;Slimmon;rslimmonin@1688.com;Male;135.104.230.16
671;Betteann;Grisley;bgrisleyim@fda.gov;Female;206.129.178.126
670;Antoni;Cullin;acullinil@bizjournals.com;Non-binary;154.36.112.3
669;Keir;Marousek;kmarousekik@webmd.com;Female;171.71.116.61
668;Devin;Arlott;darlottij@google.ca;Female;233.200.111.152
667;Northrop;Riedel;nriedelii@example.com;Male;76.83.21.81
666;Herman;Quinnelly;hquinnellyih@walmart.com;Genderqueer;165.227.165.6
665;Lindie;Cumo;lcumoig@ameblo.jp;Female;244.53.79.245
664;Rhetta;Morland;rmorlandif@wikimedia.org;Male;167.129.237.134
663;Tremain;Barbier;tbarbierie@yahoo.co.jp;Female;18.2.123.218
662;Karalee;Izsak;kizsakid@weibo.com;Female;193.65.66.210
661;Merridie;Padmore;mpadmoreic@mediafire.com;Male;101.112.97.240
660;Brietta;Hoofe;bhoofeib@gravatar.com;Female;134.22.132.150
659;Dorine;Keary;dkearyia@goodreads.com;Female;212.81.216.249
658;Angel;Sudy;asudyi9@loc.gov;Female;106.165.253.226
657;Niki;Bewshaw;nbewshawi8@yale.edu;Male;30.7.141.253
656;Patty;Laurie;plauriei7@fema.gov;Female;218.155.201.238
655;Grover;Mea;gmeai6@goo.ne.jp;Female;133.170.79.169
654;Aveline;Ring;aringi5@telegraph.co.uk;Agender;240.222.122.121
653;Jecho;Badsworth;jbadsworthi4@indiatimes.com;Non-binary;111.183.234.166
652;Jan;Pendell;jpendelli3@google.com.au;Agender;226.210.123.0
651;Evey;Aulton;eaultoni2@columbia.edu;Male;189.164.240.33
650;Bert;Demonge;bdemongei1@quantcast.com;Female;9.163.60.2
649;Etta;O'Duggan;eoduggani0@japanpost.jp;Non-binary;143.24.190.232
648;Alisha;Piche;apichehz@google.ru;Male;168.4.129.241
647;Biron;Willas;bwillashy@github.com;Female;56.56.152.123
646;Emilia;Cypler;ecyplerhx@smh.com.au;Male;29.118.159.163
645;Kirsten;Manchester;kmanchesterhw@artisteer.com;Female;254.114.173.98
644;Eugine;Margery;emargeryhv@creativecommons.org;Male;75.7.128.57
643;Eda;Koles;ekoleshu@ycombinator.com;Male;249.230.194.68
642;Anderea;Pippard;apippardht@de.vu;Male;93.203.180.167
641;Athena;Bruntjen;abruntjenhs@nps.gov;Male;237.70.184.82
640;Eda;Duiged;eduigedhr@quantcast.com;Male;237.26.143.38
639;Daisey;Henningham;dhenninghamhq@blinklist.com;Male;169.20.148.39
638;Gannie;Lilliman;glillimanhp@nationalgeographic.com;Female;79.242.62.6
637;Hannie;Jaye;hjayeho@tuttocitta.it;Male;92.127.155.108
636;Sallee;Dreinan;sdreinanhn@squidoo.com;Female;10.90.217.181
635;Jaimie;Almack;jalmackhm@oracle.com;Male;43.83.26.181
634;Madella;Wildin;mwildinhl@quantcast.com;Male;229.184.81.198
633;Maurits;Goathrop;mgoathrophk@godaddy.com;Agender;102.215.154.45
632;Sissie;Sholem;ssholemhj@geocities.jp;Female;79.53.220.198
631;Clemmy;Polet;cpolethi@tinypic.com;Male;136.128.175.110
630;Errick;Broom;ebroomhh@vkontakte.ru;Female;41.120.84.51
629;Hanna;Rush;hrushhg@1und1.de;Female;221.28.44.121
628;Diannne;Sibray;dsibrayhf@fema.gov;Non-binary;97.21.36.148
627;Corrie;Attril;cattrilhe@loc.gov;Male;69.160.99.225
626;Christye;Baignard;cbaignardhd@dropbox.com;Male;56.130.193.200
625;Holly-anne;Larciere;hlarcierehc@elpais.com;Female;202.233.164.225
624;Pacorro;Gaylord;pgaylordhb@bizjournals.com;Female;87.32.196.248
623;Nealy;O'Lahy;nolahyha@apple.com;Female;188.146.53.44
622;Gilberte;Soughton;gsoughtonh9@nsw.gov.au;Female;170.211.225.153
621;Lauretta;Johnson;ljohnsonh8@wikispaces.com;Female;103.131.198.184
620;Humberto;Meth;hmethh7@nbcnews.com;Male;215.106.112.119
619;Jamima;Birtle;jbirtleh6@smh.com.au;Male;87.108.18.90
618;Dannel;Casari;dcasarih5@woothemes.com;Male;139.71.64.193
617;Nollie;Satford;nsatfordh4@nytimes.com;Male;223.42.203.233
616;Leela;Kilbourn;lkilbournh3@cornell.edu;Male;140.176.199.147
615;Zeke;Stinchcombe;zstinchcombeh2@yelp.com;Male;25.70.178.155
614;Scotty;Stolli;sstollih1@drupal.org;Female;242.111.178.130
613;Reggie;Imlock;rimlockh0@independent.co.uk;Male;38.245.123.59
612;Vernor;Kohnemann;vkohnemanngz@fda.gov;Male;151.28.32.254
611;Lavinia;Morillas;lmorillasgy@uol.com.br;Male;174.233.75.138
610;Norina;Vaud;nvaudgx@w3.org;Female;172.184.242.241
609;Benjamin;Stores;bstoresgw@xrea.com;Male;220.193.125.128
608;Emera;Cuckson;ecucksongv@nifty.com;Female;45.236.215.137
607;Sibyl;Carradice;scarradicegu@ca.gov;Female;185.229.135.233
606;Lottie;Lansdowne;llansdownegt@imgur.com;Female;32.34.191.56
605;Rossie;Morphet;rmorphetgs@discuz.net;Female;18.243.32.116
604;Josephine;Sydney;jsydneygr@census.gov;Male;146.242.117.227
603;Mikey;Sigward;msigwardgq@smugmug.com;Female;152.159.224.45
602;Waldo;Coutts;wcouttsgp@reverbnation.com;Female;84.204.216.114
601;Ruben;Rosenstein;rrosensteingo@theglobeandmail.com;Male;17.121.164.214
600;Corie;Hargess;chargessgn@craigslist.org;Male;74.85.167.54
599;Gino;Dorrian;gdorriangm@comcast.net;Female;174.162.77.232
598;Alvis;Redgrove;aredgrovegl@cyberchimps.com;Female;128.150.136.64
597;Bary;Shower;bshowergk@flickr.com;Male;125.89.241.239
596;Isabeau;Hapke;ihapkegj@dyndns.org;Female;191.249.138.62
595;Ritchie;Sainter;rsaintergi@fc2.com;Female;127.179.27.124
594;Toby;Baudry;tbaudrygh@1und1.de;Genderfluid;64.192.174.135
593;Ollie;Cruwys;ocruwysgg@cocolog-nifty.com;Male;176.21.122.187
592;Jemima;O'Hearn;johearngf@yale.edu;Polygender;90.63.210.114
591;Dana;McDarmid;dmcdarmidge@issuu.com;Female;48.92.33.233
590;Glynis;Seckom;gseckomgd@fda.gov;Genderqueer;60.198.148.170
589;Rakel;Honeywood;rhoneywoodgc@nsw.gov.au;Female;91.84.144.207
588;Tiphani;Marjoribanks;tmarjoribanksgb@skype.com;Male;94.147.34.246
587;Ofilia;Heggie;oheggiega@mayoclinic.com;Male;87.236.35.130
586;Sybille;Frodsham;sfrodshamg9@un.org;Female;229.234.35.98
585;Marylee;Dunnaway;mdunnawayg8@thetimes.co.uk;Male;141.170.228.196
584;Andres;Showte;ashowteg7@slate.com;Female;194.185.67.234
583;Symon;Cridge;scridgeg6@instagram.com;Female;63.145.17.75
582;Josiah;Iacobetto;jiacobettog5@home.pl;Male;24.113.92.240
581;Alicea;Farquar;afarquarg4@prlog.org;Male;9.145.96.161
580;Amabelle;Foulger;afoulgerg3@cmu.edu;Female;104.218.53.234
579;Garek;Siely;gsielyg2@npr.org;Female;172.94.182.115
578;Nathanael;Raiman;nraimang1@de.vu;Female;214.90.180.177
577;Pippy;Matterdace;pmatterdaceg0@independent.co.uk;Female;201.138.178.138
576;Mar;Peaddie;mpeaddiefz@quantcast.com;Male;210.46.69.209
575;Rhodia;Bissett;rbissettfy@freewebs.com;Male;183.78.95.71
574;Salomone;Cureton;scuretonfx@miibeian.gov.cn;Male;104.34.101.120
573;Rosalia;Alpe;ralpefw@gmpg.org;Female;212.111.14.23
572;Charmian;Gerleit;cgerleitfv@marketwatch.com;Female;27.31.190.13
571;Enrichetta;Downgate;edowngatefu@si.edu;Female;179.129.202.54
570;Brandtr;Franzewitch;bfranzewitchft@amazonaws.com;Male;153.122.127.111
569;Josefa;Renak;jrenakfs@unesco.org;Male;204.21.55.210
568;Lyn;Beckford;lbeckfordfr@kickstarter.com;Female;141.194.207.10
567;Margarita;O' Finan;mofinanfq@lycos.com;Male;64.104.251.193
566;Thia;Mower;tmowerfp@yelp.com;Genderfluid;11.74.5.89
565;Octavia;Rattery;oratteryfo@ustream.tv;Male;155.227.204.124
564;Bidget;Salack;bsalackfn@latimes.com;Genderfluid;201.248.224.143
563;Tam;Wallicker;twallickerfm@fema.gov;Male;55.65.95.202
562;Tiena;Drohun;tdrohunfl@tripod.com;Male;235.51.179.48
561;Daniele;Grim;dgrimfk@infoseek.co.jp;Male;110.140.43.248
560;Crissy;Rintoul;crintoulfj@google.nl;Female;55.210.161.10
559;Mateo;Smethurst;msmethurstfi@cargocollective.com;Male;253.88.82.133
558;Gerda;Boys;gboysfh@360.cn;Female;250.23.84.16
557;Percival;Harlock;pharlockfg@github.io;Male;102.49.71.229
556;Reine;Lanney;rlanneyff@istockphoto.com;Male;86.189.132.241
555;Merrill;Sorbey;msorbeyfe@amazon.co.uk;Female;53.155.129.247
554;Rocky;Birkinshaw;rbirkinshawfd@utexas.edu;Female;154.105.211.45
553;Alfred;Bourchier;abourchierfc@ehow.com;Male;47.141.22.234
552;Tim;Finnan;tfinnanfb@bing.com;Female;10.54.93.69
551;Benjamin;Pillman;bpillmanfa@chronoengine.com;Agender;94.142.227.136
550;Dorothee;Nolleth;dnollethf9@deviantart.com;Agender;230.107.83.61
549;Nolana;Duncanson;nduncansonf8@icq.com;Female;40.192.244.103
548;Pris;Lukianov;plukianovf7@chronoengine.com;Bigender;51.12.119.164
547;Poul;Hazeman;phazemanf6@163.com;Male;142.253.125.157
546;Nettle;Hinzer;nhinzerf5@typepad.com;Female;58.185.8.224
545;Bordie;Denyakin;bdenyakinf4@yandex.ru;Female;149.132.206.130
544;Isabelle;Rau;irauf3@hexun.com;Male;45.10.225.7
543;Dody;Fewlass;dfewlassf2@drupal.org;Male;47.75.113.66
542;Tomasina;Konmann;tkonmannf1@wsj.com;Male;58.98.34.21
541;Leyla;Dunkerton;ldunkertonf0@globo.com;Female;54.134.120.212
540;Freida;McAne;fmcaneez@nature.com;Female;177.178.148.176
539;Alene;Agg;aaggey@dot.gov;Male;88.107.29.96
538;Tom;MacAlpin;tmacalpinex@cocolog-nifty.com;Male;178.125.129.71
537;Noell;Rule;nruleew@umn.edu;Male;41.171.32.47
536;Carolyn;Francescuzzi;cfrancescuzziev@nih.gov;Female;139.72.179.123
535;Laurens;Fulleylove;lfulleyloveeu@icq.com;Male;227.84.76.205
534;Louisette;Bagger;lbaggeret@fema.gov;Female;46.119.14.216
533;Elsy;Burchess;eburchesses@bloglines.com;Female;215.30.156.81
532;Renee;Boud;rbouder@sakura.ne.jp;Male;134.16.208.117
531;Iggie;Malloch;imallocheq@army.mil;Female;112.154.56.186
530;Edgardo;McKendo;emckendoep@uiuc.edu;Female;92.168.101.132
529;Flore;Polfer;fpolfereo@livejournal.com;Female;208.195.90.58
528;Kaye;Potteridge;kpotteridgeen@google.com;Male;231.141.42.100
527;Jany;Masterman;jmastermanem@apple.com;Female;247.40.89.187
526;Serena;Pales;spalesel@hud.gov;Male;142.74.243.210
525;Cammy;Rumble;crumbleek@state.gov;Male;45.131.114.41
524;Cassandre;Togher;ctogherej@alexa.com;Male;52.234.101.28
523;Leicester;MacDaid;lmacdaidei@linkedin.com;Male;222.62.43.37
522;Willi;Salisbury;wsalisburyeh@usda.gov;Female;209.242.11.82
521;Del;Wenderoth;dwenderotheg@yahoo.co.jp;Bigender;155.36.143.157
520;Beatrice;Louche;bloucheef@stanford.edu;Male;74.252.67.96
519;Tallia;Houlahan;thoulahanee@sogou.com;Male;200.78.166.79
518;Judah;Dey;jdeyed@cpanel.net;Male;218.150.84.160
517;Marilee;Winckworth;mwinckworthec@omniture.com;Male;228.63.158.207
516;Eugen;Barenski;ebarenskieb@omniture.com;Male;161.124.181.232
515;Issie;Bastin;ibastinea@yellowpages.com;Male;197.247.62.183
514;Druci;Guilbert;dguilberte9@youtu.be;Female;126.181.52.95
513;Graeme;Gemeau;ggemeaue8@moonfruit.com;Male;194.181.50.69
512;Lefty;Barnes;lbarnese7@stanford.edu;Male;95.206.38.84
511;Josee;Turl;jturle6@dyndns.org;Female;63.80.68.127
510;Baryram;Hartley;bhartleye5@constantcontact.com;Male;72.146.119.110
509;Suellen;Twelvetrees;stwelvetreese4@cornell.edu;Female;199.165.109.89
508;Marylou;Brandsen;mbrandsene3@cnn.com;Genderfluid;254.66.71.183
507;Krystalle;Kevern;kkeverne2@dagondesign.com;Male;218.57.152.184
506;Tatiania;Matejic;tmatejice1@cafepress.com;Male;196.202.114.37
505;Mirilla;Livesay;mlivesaye0@businesswire.com;Male;20.126.249.245
504;Quincy;Nisco;qniscodz@deviantart.com;Female;162.161.192.227
503;Missie;Gearing;mgearingdy@cbc.ca;Female;19.47.10.16
502;Judah;Pyott;jpyottdx@gizmodo.com;Female;49.10.160.47
501;Mordecai;Kleinberer;mkleinbererdw@answers.com;Male;27.181.8.30
500;Haskell;Merrill;hmerrilldv@wired.com;Non-binary;202.250.42.191
499;Erin;Rookesby;erookesbydu@tamu.edu;Genderqueer;16.58.209.224
498;Town;Jeppensen;tjeppensendt@wix.com;Female;154.87.7.60
497;Ardelia;Tessyman;atessymands@instagram.com;Female;133.30.210.125
496;Dolph;Haughian;dhaughiandr@bing.com;Male;147.251.226.23
495;Ulrikaumeko;Lapslie;ulapsliedq@soundcloud.com;Male;227.41.178.196
494;Conan;Eykel;ceykeldp@uol.com.br;Female;237.141.219.91
493;Thomasa;Bewlie;tbewliedo@wp.com;Male;148.121.107.185
492;Eldin;Marin;emarindn@bloomberg.com;Non-binary;54.59.58.234
491;Bern;Abberley;babberleydm@aboutads.info;Male;47.158.161.223
490;Gilligan;Barthram;gbarthramdl@sogou.com;Female;220.35.140.170
489;Talia;Roddie;troddiedk@mysql.com;Genderqueer;180.206.221.109
488;Aimee;Parrington;aparringtondj@webeden.co.uk;Male;143.136.53.178
487;Zack;Orwin;zorwindi@gizmodo.com;Female;39.16.86.186
486;Susy;Bampford;sbampforddh@artisteer.com;Male;203.76.239.174
485;Maryanne;Ingraham;mingrahamdg@ucla.edu;Female;37.85.137.211
484;Adolph;Goolding;agooldingdf@trellian.com;Female;66.103.52.230
483;Conni;Lowes;clowesde@mozilla.com;Male;8.171.194.78
482;Colby;Butfield;cbutfielddd@prnewswire.com;Male;137.28.96.169
481;Willy;Downes;wdownesdc@cornell.edu;Male;70.254.156.12
480;Giorgio;Beumant;gbeumantdb@ask.com;Male;238.127.225.113
479;Nollie;Langmaid;nlangmaidda@exblog.jp;Female;71.141.220.45
478;Ericka;Brunskill;ebrunskilld9@bbb.org;Male;213.211.149.127
477;Aprilette;Condliffe;acondliffed8@google.de;Female;87.165.189.49
476;Cyrille;Warr;cwarrd7@usa.gov;Female;227.42.116.178
475;Issy;Arrow;iarrowd6@tinypic.com;Male;245.192.241.173
474;Kelcie;Bichard;kbichardd5@deviantart.com;Male;167.98.164.31
473;Ferdinand;Kubach;fkubachd4@epa.gov;Female;238.205.51.86
472;Puff;Cescotti;pcescottid3@discovery.com;Male;177.153.173.156
471;Sunshine;Deackes;sdeackesd2@posterous.com;Male;145.141.228.97
470;Herbert;Eccleshare;heccleshared1@desdev.cn;Female;145.97.8.110
469;Evanne;Burchett;eburchettd0@sohu.com;Male;211.57.66.60
468;Bekki;Peabody;bpeabodycz@geocities.jp;Female;160.28.148.186
467;Carlynne;Condon;ccondoncy@mit.edu;Polygender;120.56.91.145
466;Tabbitha;Rawling;trawlingcx@slideshare.net;Male;64.187.202.217
465;Allyce;Grundell;agrundellcw@github.com;Female;237.177.213.69
464;Allina;MacPaden;amacpadencv@hc360.com;Male;12.159.240.111
463;Lindsay;Joddens;ljoddenscu@blinklist.com;Male;113.143.157.208
462;Lisha;Matzen;lmatzenct@bravesites.com;Male;212.111.196.26
461;Judie;Vankin;jvankincs@nature.com;Female;139.54.41.0
460;Tiebout;Cleevely;tcleevelycr@godaddy.com;Female;125.22.202.231
459;Arvie;Rennie;arenniecq@alexa.com;Female;28.201.45.90
458;Merwin;Peet;mpeetcp@ihg.com;Polygender;2.181.159.240
457;Arnoldo;Damrel;adamrelco@latimes.com;Female;34.218.145.92
456;Edie;Casero;ecaserocn@omniture.com;Female;162.217.220.152
455;Chev;Sizeland;csizelandcm@icq.com;Female;13.228.246.247
454;Bartolomeo;Bardnam;bbardnamcl@zdnet.com;Male;9.203.29.82
453;Maddalena;Risborough;mrisboroughck@g.co;Male;194.221.19.123
452;Cecelia;Louche;clouchecj@mysql.com;Male;215.111.89.129
451;Humbert;Lower;hlowerci@twitpic.com;Polygender;24.132.4.119
450;Nert;Gottschalk;ngottschalkch@last.fm;Genderqueer;185.76.34.21
449;Emmi;Kyndred;ekyndredcg@1688.com;Female;67.237.208.20
448;Evyn;Clemintoni;eclemintonicf@moonfruit.com;Female;70.223.25.80
447;Noelle;Bris;nbrisce@miitbeian.gov.cn;Male;94.197.252.153
446;Ange;Collinwood;acollinwoodcd@netlog.com;Male;205.214.122.235
445;Jamil;Wellesley;jwellesleycc@dyndns.org;Genderfluid;221.58.100.19
444;Marys;Lutwyche;mlutwychecb@walmart.com;Female;116.23.170.39
443;Lucila;Tolchar;ltolcharca@tripod.com;Female;112.213.33.186
442;Shelli;Tiner;stinerc9@apple.com;Male;61.219.9.16
441;Chrisse;Gommes;cgommesc8@usa.gov;Male;226.54.136.98
440;Silvester;Bern;sbernc7@bigcartel.com;Female;178.86.176.52
439;Stefan;Pozzo;spozzoc6@omniture.com;Female;214.75.94.116
438;Hagan;Aspin;haspinc5@ow.ly;Female;88.127.171.246
437;Mersey;Kimmings;mkimmingsc4@china.com.cn;Male;68.206.189.39
436;Patty;Bastie;pbastiec3@ucsd.edu;Female;97.16.105.207
435;Jeanne;Yeaman;jyeamanc2@bandcamp.com;Female;188.81.119.180
434;Gerta;Caccavari;gcaccavaric1@geocities.jp;Male;165.53.124.250
433;Zabrina;Ryle;zrylec0@tripadvisor.com;Female;109.222.175.232
432;Kimberlyn;Dumpleton;kdumpletonbz@liveinternet.ru;Male;169.45.176.174
431;Lesley;Vernon;lvernonby@google.fr;Male;70.151.42.33
430;Rinaldo;Geratt;rgerattbx@shareasale.com;Female;153.87.90.56
429;Kirby;Walkowski;kwalkowskibw@gnu.org;Female;222.200.48.245
428;Annecorinne;Foyster;afoysterbv@hp.com;Female;160.135.175.80
427;Hermine;Redman;hredmanbu@amazonaws.com;Female;132.69.146.219
426;Myrilla;Wapple;mwapplebt@reddit.com;Male;121.94.106.36
425;Van;Colliar;vcolliarbs@senate.gov;Male;54.212.56.34
424;Falito;Pagel;fpagelbr@virginia.edu;Female;74.179.37.202
423;Sibelle;Scotts;sscottsbq@skype.com;Female;202.60.252.196
422;William;Morrilly;wmorrillybp@sourceforge.net;Female;138.232.66.151
421;Twila;Berkowitz;tberkowitzbo@cafepress.com;Non-binary;63.136.157.208
420;Zsa zsa;Streatley;zstreatleybn@ibm.com;Male;228.161.116.181
419;Sky;Bruinsma;sbruinsmabm@hibu.com;Female;25.51.245.12
418;Emmalyn;Ritelli;eritellibl@amazonaws.com;Male;252.44.114.190
417;Allegra;Dobson;adobsonbk@google.com.au;Non-binary;3.216.238.217
416;Lissi;Puckey;lpuckeybj@shutterfly.com;Male;24.249.128.105
415;Evelina;Danslow;edanslowbi@usnews.com;Female;155.241.67.169
414;Odey;Logsdale;ologsdalebh@prlog.org;Male;232.129.168.115
413;Kristi;Rulton;krultonbg@desdev.cn;Female;194.212.85.79
412;Luise;Hazeldene;lhazeldenebf@symantec.com;Non-binary;130.197.47.41
411;Gwen;Lemon;glemonbe@narod.ru;Female;183.217.139.250
410;Nikoletta;Carstairs;ncarstairsbd@weebly.com;Male;215.32.178.255
409;Agnesse;Hanney;ahanneybc@blogtalkradio.com;Male;232.93.27.183
408;Laurence;Beveredge;lbeveredgebb@reference.com;Female;188.160.214.141
407;Eustace;Bechley;ebechleyba@house.gov;Female;121.127.122.73
406;Goldarina;Catt;gcattb9@twitter.com;Male;37.178.71.27
405;Burgess;Wallsworth;bwallsworthb8@hexun.com;Female;57.131.218.41
404;Easter;Truce;etruceb7@twitpic.com;Female;142.122.196.50
403;Melody;Beels;mbeelsb6@123-reg.co.uk;Male;87.9.132.78
402;Goldarina;Antonchik;gantonchikb5@naver.com;Female;5.18.16.157
401;Cleveland;Bend;cbendb4@patch.com;Male;238.84.23.214
400;Alexandros;Spinley;aspinleyb3@auda.org.au;Female;206.131.131.251
399;Cinda;Frudd;cfruddb2@jiathis.com;Male;137.242.207.105
398;Kristos;Lorenzetto;klorenzettob1@imageshack.us;Female;170.187.1.63
397;Diena;Lovejoy;dlovejoyb0@nifty.com;Female;39.62.168.250
396;Eduardo;Fryer;efryeraz@shinystat.com;Male;131.23.149.29
395;Odella;Gresly;ogreslyay@artisteer.com;Agender;110.12.87.175
394;Lenard;Doudny;ldoudnyax@xing.com;Female;54.184.2.64
393;Grier;Raynton;grayntonaw@fotki.com;Female;152.91.225.84
392;Charlotta;Cossar;ccossarav@engadget.com;Male;243.91.66.196
391;Ruddie;Jeenes;rjeenesau@ft.com;Female;24.59.225.76
390;Thomasine;Hagstone;thagstoneat@soup.io;Female;54.155.214.22
389;Hilliary;Bodleigh;hbodleighas@ameblo.jp;Male;55.212.198.186
388;Elvera;Causley;ecausleyar@buzzfeed.com;Female;241.193.32.192
387;Iolande;Posnett;iposnettaq@yellowbook.com;Polygender;128.90.193.66
386;Gan;Pryde;gprydeap@dagondesign.com;Polygender;96.206.126.105
385;Sibilla;Hamm;shammao@com.com;Male;152.25.15.145
384;Averil;Stealy;astealyan@cafepress.com;Genderqueer;165.93.223.170
383;Derrik;Faucett;dfaucettam@163.com;Agender;62.88.90.3
382;Karin;Aimer;kaimeral@telegraph.co.uk;Female;50.23.227.48
381;Hermon;Abrahamoff;habrahamoffak@hhs.gov;Male;17.119.218.224
380;Kylila;Colum;kcolumaj@about.com;Male;172.80.8.93
379;Humfried;Chatres;hchatresai@surveymonkey.com;Male;105.50.242.4
378;Ermentrude;Kuschke;ekuschkeah@gravatar.com;Male;207.50.36.54
377;Elsa;Gomes;egomesag@mayoclinic.com;Male;3.122.247.107
376;Ronalda;Mundell;rmundellaf@buzzfeed.com;Female;74.207.99.44
375;Alexis;Tother;atotherae@youtube.com;Male;209.97.66.242
374;Yanaton;Perkins;yperkinsad@prweb.com;Female;224.58.183.165
373;Joice;Allix;jallixac@nasa.gov;Female;212.249.148.164
372;Jude;Paulo;jpauloab@wordpress.com;Female;26.220.252.190
371;Brook;Soaper;bsoaperaa@networksolutions.com;Female;156.22.199.234
370;Cordula;Cashman;ccashmana9@quantcast.com;Female;80.83.44.121
369;Jilleen;Teissier;jteissiera8@vistaprint.com;Male;191.111.122.203
368;Abby;Atcheson;aatchesona7@mlb.com;Female;124.208.78.137
367;Humfried;Zylbermann;hzylbermanna6@illinois.edu;Female;10.105.38.246
366;Fulton;Davidovich;fdavidovicha5@smh.com.au;Male;122.134.147.124
365;Uta;Mines;uminesa4@oracle.com;Male;175.135.76.78
364;Jdavie;Bulfoot;jbulfoota3@thetimes.co.uk;Female;129.165.10.41
363;Giavani;Vigne;gvignea2@hostgator.com;Female;124.201.203.147
362;Oralia;Lipson;olipsona1@stumbleupon.com;Female;141.19.64.208
361;Sanders;Marqyes;smarqyesa0@vimeo.com;Agender;8.148.105.72
360;Lothaire;Flanne;lflanne9z@friendfeed.com;Male;4.175.8.86
359;Vittorio;Boothroyd;vboothroyd9y@spiegel.de;Male;235.4.81.217
358;Benedicto;Stillmann;bstillmann9x@biglobe.ne.jp;Non-binary;185.170.193.193
357;Salomi;Heersema;sheersema9w@vkontakte.ru;Female;249.115.141.35
356;Rubina;Scragg;rscragg9v@posterous.com;Male;37.177.1.65
355;Dasie;Klawi;dklawi9u@clickbank.net;Female;118.65.75.190
354;Wilie;Mercy;wmercy9t@pagesperso-orange.fr;Male;38.125.242.111
353;Janela;Gillmor;jgillmor9s@desdev.cn;Male;120.144.26.19
352;Elfie;Brownsill;ebrownsill9r@epa.gov;Female;182.111.110.120
351;Reese;Davion;rdavion9q@cafepress.com;Female;213.1.245.0
350;Salmon;Babbidge;sbabbidge9p@loc.gov;Male;96.239.209.81
349;Willetta;Narey;wnarey9o@webs.com;Female;110.78.203.222
348;Vivyan;Berford;vberford9n@imdb.com;Non-binary;52.167.190.255
347;Kailey;Barbrook;kbarbrook9m@netlog.com;Female;123.170.255.99
346;Kary;Canby;kcanby9l@sbwire.com;Male;209.121.166.125
345;Kylen;Tukely;ktukely9k@wp.com;Male;145.21.70.189
344;Kelsi;Anglin;kanglin9j@fc2.com;Female;206.113.116.23
343;Dante;Deex;ddeex9i@si.edu;Male;57.20.125.143
342;Marabel;Whitwell;mwhitwell9h@feedburner.com;Agender;193.149.18.64
341;Kittie;Rundle;krundle9g@live.com;Female;123.193.23.31
340;Rubia;Gatfield;rgatfield9f@purevolume.com;Male;211.196.97.37
339;Sonia;Lisle;slisle9e@amazon.co.uk;Female;102.41.19.32
338;Bobbie;Cammish;bcammish9d@godaddy.com;Male;44.192.2.18
337;Jade;Bannerman;jbannerman9c@upenn.edu;Female;213.193.62.243
336;Rory;Hanhart;rhanhart9b@skyrock.com;Female;59.201.127.46
335;Jo ann;Davenell;jdavenell9a@dailymotion.com;Female;4.29.225.140
334;Nico;Ganderton;nganderton99@prlog.org;Female;146.214.121.115
333;Ezri;Houlworth;ehoulworth98@archive.org;Male;223.94.102.221
332;Ingunna;McCallister;imccallister97@wsj.com;Female;10.35.167.190
331;Brook;Illingsworth;billingsworth96@technorati.com;Male;103.124.84.209
330;Clerkclaude;McLenaghan;cmclenaghan95@answers.com;Non-binary;52.168.81.234
329;Roseline;Altofts;raltofts94@va.gov;Female;32.179.60.203
328;Cheri;Marlen;cmarlen93@columbia.edu;Male;196.126.39.67
327;Bernetta;Seed;bseed92@woothemes.com;Female;35.51.81.79
326;Cacilia;Kamenar;ckamenar91@soup.io;Male;243.242.1.156
325;Mathilde;Ching;mching90@sfgate.com;Female;53.205.57.142
324;Sybyl;Faulds;sfaulds8z@ocn.ne.jp;Male;210.138.123.4
323;Suzy;Dyerson;sdyerson8y@zimbio.com;Male;37.224.206.74
322;Tallie;Heintze;theintze8x@columbia.edu;Male;228.30.208.36
321;Beverlee;Delue;bdelue8w@cargocollective.com;Female;150.16.32.42
320;Jemie;Tromans;jtromans8v@symantec.com;Male;99.255.39.116
319;Martie;Oherlihy;moherlihy8u@drupal.org;Female;225.252.135.61
318;Madelyn;Hewson;mhewson8t@homestead.com;Female;229.103.198.110
317;Clarence;Pistol;cpistol8s@cisco.com;Female;191.237.192.240
316;Audre;Crewes;acrewes8r@eventbrite.com;Female;100.251.131.56
315;Jeffie;Preene;jpreene8q@disqus.com;Male;249.99.93.123
314;Tybalt;O' Mullane;tomullane8p@lulu.com;Female;164.175.99.241
313;Andris;Willingam;awillingam8o@toplist.cz;Female;130.110.72.129
312;Shermy;Schollick;sschollick8n@themeforest.net;Bigender;30.134.249.183
311;Jacinda;Andrey;jandrey8m@cam.ac.uk;Male;176.135.46.157
310;Julietta;Inott;jinott8l@umn.edu;Male;165.22.156.43
309;Conroy;O'Calleran;cocalleran8k@soup.io;Male;157.196.157.241
308;Hi;Arstingall;harstingall8j@plala.or.jp;Male;191.177.230.41
307;Seward;Durtnall;sdurtnall8i@senate.gov;Female;126.170.125.156
306;Agneta;Gouinlock;agouinlock8h@arstechnica.com;Male;216.221.218.120
305;Zahara;Hargrove;zhargrove8g@feedburner.com;Female;65.3.30.216
304;Tish;Lunt;tlunt8f@psu.edu;Male;15.30.19.128
303;Frederic;Buyers;fbuyers8e@mail.ru;Male;108.241.50.115
302;Demetris;Curreen;dcurreen8d@ocn.ne.jp;Female;222.215.168.75
301;Blondelle;Scadden;bscadden8c@huffingtonpost.com;Female;65.148.14.177
300;Edgar;Evason;eevason8b@shareasale.com;Female;252.242.61.162
299;Zorine;Blitzer;zblitzer8a@delicious.com;Male;223.30.97.142
298;Ashli;Hibling;ahibling89@craigslist.org;Female;40.219.139.3
297;Sheppard;Balser;sbalser88@mysql.com;Male;123.3.165.107
296;Penelope;Mutch;pmutch87@netlog.com;Female;185.43.97.69
295;Hunter;Danahar;hdanahar86@youtu.be;Male;162.186.87.247
294;Maria;Menis;mmenis85@sphinn.com;Male;28.236.124.155
293;Rene;Cromar;rcromar84@jugem.jp;Male;69.35.78.252
292;Harmony;Pirri;hpirri83@bigcartel.com;Female;180.248.149.181
291;Jasper;Lorenzini;jlorenzini82@biblegateway.com;Genderqueer;170.104.237.206
290;Hope;Haberjam;hhaberjam81@china.com.cn;Female;6.237.130.79
289;Jabez;Witherop;jwitherop80@linkedin.com;Male;19.90.172.14
288;Orsola;Sterte;osterte7z@ucoz.com;Female;171.161.72.77
287;Doll;Heigold;dheigold7y@issuu.com;Female;188.177.226.54
286;Wat;Bernadzki;wbernadzki7x@soundcloud.com;Male;241.68.194.88
285;Kahaleel;Clapison;kclapison7w@hubpages.com;Female;187.19.216.135
284;Edna;McElory;emcelory7v@mozilla.org;Male;52.159.187.169
283;Marten;Drennan;mdrennan7u@csmonitor.com;Male;164.230.45.40
282;Marietta;Birt;mbirt7t@friendfeed.com;Male;143.51.38.16
281;Brandi;Cochran;bcochran7s@vk.com;Female;144.139.102.106
280;Charmane;Isakovic;cisakovic7r@bizjournals.com;Male;190.97.134.211
279;Wesley;Heap;wheap7q@nydailynews.com;Bigender;217.100.241.118
278;Caresse;Itzik;citzik7p@hexun.com;Female;83.1.186.158
277;Daffy;Morcomb;dmorcomb7o@gov.uk;Female;19.220.136.166
276;Kara-lynn;Pidduck;kpidduck7n@printfriendly.com;Female;155.158.231.181
275;Alden;Prevost;aprevost7m@tumblr.com;Female;206.224.64.191
274;Myrwyn;Leyburn;mleyburn7l@webs.com;Male;172.96.244.165
273;Carrissa;BURWIN;cburwin7k@over-blog.com;Male;29.66.234.251
272;Margaux;Gornall;mgornall7j@miibeian.gov.cn;Male;115.200.58.177
271;Timothea;Sabathe;tsabathe7i@digg.com;Agender;243.5.21.56
270;Franni;Hafner;fhafner7h@pagesperso-orange.fr;Male;191.22.209.66
269;Jacklyn;Staff;jstaff7g@tinypic.com;Female;66.183.163.88
268;Victoria;Dillimore;vdillimore7f@nsw.gov.au;Female;146.76.26.67
267;Guenevere;McRobbie;gmcrobbie7e@list-manage.com;Male;70.146.119.95
266;L;urette;Grinsdale;lgrinsdale7d@usatoday.com;Female
265;Adda;Selly;aselly7c@blogs.com;Male;197.252.6.212
264;Neville;Manjin;nmanjin7b@ca.gov;Female;232.226.16.78
263;Bastien;Farrah;bfarrah7a@indiegogo.com;Female;27.68.156.148
262;Ebba;Grist;egrist79@miitbeian.gov.cn;Female;110.154.67.71
261;Mollie;Lound;mlound78@google.com.br;Male;70.69.68.174
260;Leanna;Mateiko;lmateiko77@mediafire.com;Male;220.251.213.18
259;Mil;Beeres;mbeeres76@webmd.com;Female;55.113.10.139
258;Sarene;Challin;schallin75@tamu.edu;Female;22.150.38.235
257;Dolli;Januszewicz;djanuszewicz74@e-recht24.de;Female;232.250.128.163
256;Siouxie;Tommaseo;stommaseo73@yale.edu;Female;108.216.61.117
255;Freda;Hallt;fhallt72@miitbeian.gov.cn;Female;130.6.17.133
254;Audy;Cottam;acottam71@opensource.org;Female;83.61.56.80
253;Ellsworth;Rootham;erootham70@wunderground.com;Male;124.121.232.255
252;Sylas;Posten;sposten6z@blog.com;Female;169.207.214.35
251;Cordey;Drakeford;cdrakeford6y@furl.net;Female;123.130.16.110
250;Gauthier;Zorzini;gzorzini6x@51.la;Female;88.86.232.241
249;Lyn;Wagge;lwagge6w@msn.com;Male;97.104.3.230
248;Prescott;Tomlins;ptomlins6v@google.es;Female;83.221.217.231
247;Boyd;Reynold;breynold6u@blinklist.com;Female;156.66.247.136
246;Honor;Woodison;hwoodison6t@youtu.be;Female;141.161.48.248
245;Lacey;Van den Dael;lvandendael6s@webs.com;Male;25.60.16.24
244;Darda;MacAlister;dmacalister6r@google.nl;Male;46.55.207.38
243;Nathanial;Tallquist;ntallquist6q@adobe.com;Male;193.7.77.109
242;Lydon;Isacoff;lisacoff6p@samsung.com;Male;208.214.225.77
241;Grata;Kristoffersen;gkristoffersen6o@irs.gov;Female;103.184.238.50
240;Silvain;Balleine;sballeine6n@tmall.com;Male;107.62.150.82
239;Rhett;Sandland;rsandland6m@comsenz.com;Female;113.215.227.0
238;Constanta;Salman;csalman6l@businessweek.com;Female;157.224.74.54
237;Dolores;Athowe;dathowe6k@delicious.com;Female;179.231.138.208
236;Caesar;Dyster;cdyster6j@imdb.com;Male;117.154.109.218
235;Maurie;Weddup;mweddup6i@sciencedaily.com;Female;21.69.93.34
234;Rena;Ounsworth;rounsworth6h@house.gov;Female;216.48.163.98
233;Dannie;Gummer;dgummer6g@fotki.com;Male;56.104.44.141
232;Theodoric;Beaman;tbeaman6f@hexun.com;Female;242.9.78.94
231;Helena;McGrah;hmcgrah6e@cisco.com;Male;129.143.116.206
230;Gianina;Brocklesby;gbrocklesby6d@slate.com;Male;245.29.229.19
229;Antonietta;Durbyn;adurbyn6c@twitpic.com;Female;222.183.23.218
228;Nathalia;Mateu;nmateu6b@cnet.com;Male;7.223.146.112
227;Merna;Wennington;mwennington6a@yelp.com;Male;223.4.219.34
226;Dari;Roswarne;droswarne69@google.co.uk;Female;44.118.57.116
225;Eda;Jaquiss;ejaquiss68@addtoany.com;Bigender;76.47.103.162
224;Merwin;Toman;mtoman67@blog.com;Female;55.191.190.90
223;Keelby;Hodgon;khodgon66@examiner.com;Female;172.68.4.145
222;Desmund;Hellin;dhellin65@virginia.edu;Female;200.220.2.40
221;Neal;Upstell;nupstell64@printfriendly.com;Female;187.23.234.95
220;Willem;Patroni;wpatroni63@myspace.com;Female;53.25.166.65
219;Muhammad;Archambault;marchambault62@goo.ne.jp;Female;176.246.127.229
218;Vail;Sullens;vsullens61@engadget.com;Male;23.116.155.9
217;Marcus;Chessil;mchessil60@dmoz.org;Female;2.135.249.216
216;Adan;Brosch;abrosch5z@livejournal.com;Female;7.144.11.99
215;Adelle;Knutsen;aknutsen5y@chicagotribune.com;Female;44.249.36.200
214;Orly;Restill;orestill5x@quantcast.com;Male;125.34.190.172
213;Jordain;Popelay;jpopelay5w@networksolutions.com;Male;197.144.61.149
212;Jess;Boniface;jboniface5v@goodreads.com;Male;78.207.52.38
211;Cristiano;Hartley;chartley5u@dagondesign.com;Male;254.191.196.54
210;Denys;Barthel;dbarthel5t@webnode.com;Female;81.161.30.143
209;Emlynne;Reolfo;ereolfo5s@house.gov;Female;183.125.96.55
208;Keane;Paty;kpaty5r@ucla.edu;Male;13.155.5.30
207;Emlynne;Wayne;ewayne5q@goo.ne.jp;Female;187.209.134.44
206;Nerte;Northrop;nnorthrop5p@nyu.edu;Female;200.210.79.144
205;Aveline;Kyme;akyme5o@mac.com;Genderqueer;179.9.228.181
204;Hilton;Hindenberger;hhindenberger5n@nymag.com;Male;88.8.165.121
203;Meggy;Tibbotts;mtibbotts5m@dmoz.org;Female;197.174.76.224
202;Wendall;Kleinstub;wkleinstub5l@irs.gov;Male;181.49.221.48
201;Andrej;Bortol;abortol5k@spiegel.de;Male;125.235.124.215
200;Alie;Britzius;abritzius5j@mtv.com;Genderfluid;140.0.88.148
199;Raymund;Colston;rcolston5i@wiley.com;Male;118.123.144.24
198;Claudette;Folca;cfolca5h@arizona.edu;Agender;194.97.101.160
197;Harlan;Oakshott;hoakshott5g@wiley.com;Female;99.4.53.115
196;Keriann;Vye;kvye5f@stumbleupon.com;Female;98.120.114.228
195;Casey;Lettice;clettice5e@behance.net;Male;129.124.59.183
194;Rene;Conigsby;rconigsby5d@google.com.au;Female;138.147.130.83
193;Barbra;McCorkindale;bmccorkindale5c@virginia.edu;Female;104.67.232.61
192;Hadlee;Satterfitt;hsatterfitt5b@bing.com;Male;4.155.133.178
191;Aubrey;Middlebrook;amiddlebrook5a@opensource.org;Male;34.237.231.70
190;Dell;Nicolls;dnicolls59@goo.gl;Male;7.195.90.31
189;Brooke;Suddock;bsuddock58@epa.gov;Bigender;42.162.111.22
188;Devora;Talman;dtalman57@ebay.co.uk;Female;172.253.151.80
187;Fulton;Fleay;ffleay56@homestead.com;Female;83.47.211.136
186;Edythe;Gresly;egresly55@msu.edu;Male;143.238.99.201
185;Lotta;Cawdron;lcawdron54@moonfruit.com;Male;120.26.139.75
184;Preston;Scoyne;pscoyne53@reuters.com;Male;44.68.212.239
183;Murray;McGriele;mmcgriele52@cbc.ca;Male;35.229.94.41
182;Kippy;Oldaker;koldaker51@sogou.com;Female;9.190.254.127
181;Liliane;Attwoull;lattwoull50@oakley.com;Male;240.159.210.152
180;Zilvia;Hares;zhares4z@indiegogo.com;Female;157.115.22.7
179;Kinnie;MacIlory;kmacilory4y@blinklist.com;Agender;156.126.169.19
178;Jody;Wellington;jwellington4x@is.gd;Female;172.211.168.157
177;Rochester;Meineking;rmeineking4w@adobe.com;Female;32.89.254.245
176;Hali;Dutch;hdutch4v@bloomberg.com;Female;50.165.80.55
175;Tobey;Verriour;tverriour4u@thetimes.co.uk;Female;208.71.97.244
174;Fedora;Millions;fmillions4t@ebay.com;Female;222.204.7.198
173;Cyndia;Hurt;churt4s@weibo.com;Female;115.155.49.51
172;Zitella;Espinola;zespinola4r@si.edu;Male;69.214.229.251
171;Demetris;Krikorian;dkrikorian4q@photobucket.com;Male;201.2.151.122
170;Rubia;Calan;rcalan4p@soup.io;Male;103.84.59.124
169;Horace;Jedrzaszkiewicz;hjedrzaszkiewicz4o@toplist.cz;Female;192.195.126.24
168;Burnaby;Land;bland4n@answers.com;Male;244.158.249.203
167;Raddie;Soar;rsoar4m@weather.com;Female;114.201.42.14
166;Ab;Awdry;aawdry4l@constantcontact.com;Male;97.5.130.190
165;Caritta;Huxley;chuxley4k@smugmug.com;Male;68.212.193.208
164;Chickie;Farrent;cfarrent4j@github.com;Female;58.103.24.192
163;Fiorenze;Hynes;fhynes4i@webs.com;Female;75.196.71.154
162;Fletcher;Verriour;fverriour4h@bizjournals.com;Female;215.221.88.202
161;Cathi;Bracher;cbracher4g@google.com.hk;Female;181.26.13.117
160;Una;Meagher;umeagher4f@cdbaby.com;Male;31.200.164.105
159;Malvin;Wanklin;mwanklin4e@tmall.com;Female;229.48.6.181
158;Lenard;Dockree;ldockree4d@bandcamp.com;Genderfluid;244.175.7.122
157;Tomasina;Stopp;tstopp4c@skype.com;Non-binary;245.84.190.58
156;Valentino;Megroff;vmegroff4b@xing.com;Female;244.250.197.239
155;Gilberte;Gaddie;ggaddie4a@yelp.com;Male;190.213.71.28
154;Magdalena;Hintze;mhintze49@xinhuanet.com;Male;124.196.204.132
153;Marlin;Pestricke;mpestricke48@google.cn;Male;122.37.39.80
152;Dame;Rimes;drimes47@upenn.edu;Male;202.144.243.44
151;Uta;Footer;ufooter46@addtoany.com;Male;153.215.115.80
150;Leighton;Pashby;lpashby45@mediafire.com;Male;154.88.66.127
149;Bevin;Wayper;bwayper44@xrea.com;Male;76.131.71.148
148;Killy;Mottini;kmottini43@infoseek.co.jp;Female;135.60.179.17
147;Glen;Gert;ggert42@php.net;Male;203.5.217.204
146;Joshia;MacNess;jmacness41@phpbb.com;Female;115.123.152.63
145;Kalil;Ruecastle;kruecastle40@purevolume.com;Female;38.12.95.98
144;Ronni;Skelhorn;rskelhorn3z@google.com.hk;Male;73.77.25.147
143;Rosalie;Fairholme;rfairholme3y@aol.com;Female;244.147.63.52
142;Sherri;Deards;sdeards3x@oracle.com;Male;210.147.197.108
141;Consuela;Cogan;ccogan3w@rediff.com;Female;62.183.170.18
140;Elizabet;Stivani;estivani3v@cbslocal.com;Male;181.104.169.67
139;Adella;Seamen;aseamen3u@princeton.edu;Female;238.3.154.184
138;Kort;Anton;kanton3t@baidu.com;Female;113.192.188.205
137;Caty;Hackey;chackey3s@businessinsider.com;Non-binary;176.159.231.237
136;Jillie;Canon;jcanon3r@scientificamerican.com;Male;185.211.251.102
135;Aleksandr;Absolem;aabsolem3q@sakura.ne.jp;Male;238.178.83.41
134;Euell;Langford;elangford3p@imgur.com;Female;181.93.3.1
133;Patty;MacCague;pmaccague3o@apache.org;Female;246.102.148.17
132;Corilla;Duckels;cduckels3n@mlb.com;Female;164.85.181.218
131;Vida;Capewell;vcapewell3m@technorati.com;Male;227.240.79.103
130;Sharla;Orgill;sorgill3l@lycos.com;Male;205.54.158.25
129;Rochette;Kimber;rkimber3k@gravatar.com;Male;16.8.60.152
128;Karel;Toy;ktoy3j@ning.com;Female;137.238.140.145
127;Tuck;Collard;tcollard3i@cdbaby.com;Female;208.237.161.100
126;Colly;Maria;cmaria3h@hexun.com;Male;16.4.155.138
125;Hieronymus;Duffin;hduffin3g@furl.net;Female;240.184.57.146
124;Wilton;Blackney;wblackney3f@unc.edu;Female;63.158.156.75
123;Marysa;Borrowman;mborrowman3e@whitehouse.gov;Male;172.7.140.129
122;Hamel;Faucett;hfaucett3d@amazonaws.com;Male;23.116.191.188
121;Katleen;Armer;karmer3c@free.fr;Male;116.89.14.48
120;Leighton;Palfery;lpalfery3b@google.com.hk;Male;168.161.93.178
119;Baudoin;Fusco;bfusco3a@barnesandnoble.com;Male;109.27.186.62
118;Jorrie;Marzelle;jmarzelle39@state.gov;Male;215.95.237.220
117;Tyrus;Larmuth;tlarmuth38@sun.com;Female;15.101.143.128
116;Mason;MacCaughey;mmaccaughey37@goodreads.com;Female;212.95.185.45
115;Bessy;Brisard;bbrisard36@buzzfeed.com;Female;205.204.238.243
114;Erhard;Dunsmore;edunsmore35@census.gov;Female;72.184.140.38
113;Mickie;McIntosh;mmcintosh34@mozilla.com;Male;170.132.160.126
112;Lovell;Cockerton;lcockerton33@patch.com;Female;212.151.226.182
111;Minetta;Furminger;mfurminger32@pbs.org;Male;115.48.126.199
110;Hedy;Very;hvery31@biglobe.ne.jp;Female;192.25.157.2
109;Stephie;Senescall;ssenescall30@disqus.com;Female;246.5.96.137
108;Udall;Gierke;ugierke2z@blinklist.com;Female;31.45.49.178
107;Jen;Stepto;jstepto2y@about.me;Bigender;67.90.155.48
106;Stephanie;Marshalleck;smarshalleck2x@csmonitor.com;Polygender;9.88.131.188
105;Greggory;Boice;gboice2w@canalblog.com;Genderqueer;31.85.57.75
104;Hattie;Bullier;hbullier2v@wordpress.org;Male;100.71.184.36
103;Elonore;Verdon;everdon2u@businesswire.com;Female;132.37.109.167
102;Lily;Hamblyn;lhamblyn2t@nymag.com;Male;69.220.143.2
101;Cori;Gannon;cgannon2s@mac.com;Female;160.109.160.146
100;Annnora;Crellin;acrellin2r@issuu.com;Male;144.73.178.208
99;Barri;Filon;bfilon2q@jigsy.com;Male;143.151.187.72
98;Kahlil;Fellenor;kfellenor2p@epa.gov;Female;94.122.230.240
97;Jacki;Hannaby;jhannaby2o@weibo.com;Female;184.140.179.255
96;Wren;Hoovart;whoovart2n@google.de;Male;157.218.113.11
95;Xymenes;Marryatt;xmarryatt2m@flickr.com;Male;133.243.81.60
94;Georgeanna;Kalinke;gkalinke2l@sitemeter.com;Agender;125.236.226.148
93;Tine;Janc;tjanc2k@salon.com;Male;148.209.88.90
92;Kurt;Sallnow;ksallnow2j@meetup.com;Female;40.15.211.168
91;Shurlocke;Madeley;smadeley2i@tripadvisor.com;Genderfluid;50.181.53.50
90;El;Dumingos;edumingos2h@goo.gl;Female;107.114.113.78
89;Phillie;Atyea;patyea2g@delicious.com;Male;171.238.252.105
88;Alexander;Yesichev;ayesichev2f@examiner.com;Female;239.243.150.114
87;Leonanie;McMichell;lmcmichell2e@cmu.edu;Female;91.161.248.189
86;Enid;Domnin;edomnin2d@issuu.com;Female;227.218.195.105
85;Elvyn;Van der Kruijs;evanderkruijs2c@harvard.edu;Male;104.133.100.253
84;Chas;Gross;cgross2b@si.edu;Male;24.36.167.211
83;Moe;Heibel;mheibel2a@1688.com;Female;55.112.164.118
82;Wren;Gowler;wgowler29@oracle.com;Female;3.20.28.251
81;Gradey;Groom;ggroom28@cafepress.com;Female;143.53.233.65
80;Kayne;Batcheldor;kbatcheldor27@ask.com;Female;127.219.91.174
79;Vilhelmina;Pischof;vpischof26@baidu.com;Female;203.238.210.237
78;Max;Joubert;mjoubert25@unc.edu;Female;183.194.73.11
77;Ludvig;Want;lwant24@altervista.org;Agender;178.215.156.117
76;Bevin;Troth;btroth23@freewebs.com;Genderqueer;135.149.10.164
75;Glenden;Mulligan;gmulligan22@webnode.com;Female;253.129.237.233
74;Burty;Mariaud;bmariaud21@com.com;Male;178.55.83.0
73;Helyn;Maber;hmaber20@ocn.ne.jp;Male;235.59.31.171
72;Osmond;Gentreau;ogentreau1z@multiply.com;Male;28.33.188.176
71;Cobb;Have;chave1y@ihg.com;Male;162.83.120.149
70;Carmelita;Ashborn;cashborn1x@fema.gov;Female;28.15.189.143
69;Amalea;Orriss;aorriss1w@feedburner.com;Female;133.45.36.249
68;Ragnar;Lathee;rlathee1v@sina.com.cn;Female;104.6.216.158
67;Kalie;Berndtsson;kberndtsson1u@photobucket.com;Male;226.90.49.133
66;Sheba;Stittle;sstittle1t@liveinternet.ru;Male;8.124.177.215
65;Dwain;Grouvel;dgrouvel1s@cpanel.net;Male;226.200.161.169
64;Sim;Welsh;swelsh1r@exblog.jp;Male;23.12.175.182
63;Alyda;Saltern;asaltern1q@aol.com;Male;61.98.29.40
62;Georgy;Gulk;ggulk1p@cafepress.com;Male;233.224.188.10
61;Titus;Coult;tcoult1o@feedburner.com;Female;66.110.32.150
60;Shirlene;Grosvenor;sgrosvenor1n@sun.com;Female;145.192.17.19
59;Abram;Marjoribanks;amarjoribanks1m@stanford.edu;Male;189.193.136.61
58;Calv;Renn;crenn1l@amazon.co.jp;Male;68.99.168.103
57;Willdon;Auty;wauty1k@cargocollective.com;Non-binary;2.21.98.184
56;Lynn;Rotherforth;lrotherforth1j@blog.com;Female;117.50.241.174
55;Tracie;Veck;tveck1i@washington.edu;Female;100.23.229.203
54;Godfry;Hove;ghove1h@webmd.com;Male;58.147.16.126
53;Bob;Aylmore;baylmore1g@ted.com;Male;41.45.243.169
52;Rickert;Vigne;rvigne1f@wired.com;Male;208.60.74.43
51;Stillman;Lamberth;slamberth1e@cdbaby.com;Female;204.25.203.55
50;Flossy;Capitano;fcapitano1d@weather.com;Female;3.252.145.239
49;Saudra;Pelosi;spelosi1c@quantcast.com;Male;0.38.88.110
48;Todd;Willacot;twillacot1b@dell.com;Female;162.197.19.242
47;Ruben;Drinnan;rdrinnan1a@opensource.org;Female;212.113.255.61
46;Nerita;Doggrell;ndoggrell19@t.co;Male;111.202.212.170
45;Arlyne;Baccup;abaccup18@ask.com;Male;105.75.196.105
44;Marianna;Ivasyushkin;mivasyushkin17@networkadvertising.org;Female;52.28.141.126
43;Eustace;Lydiard;elydiard16@blinklist.com;Male;91.64.102.13
42;Martino;McAuley;mmcauley15@squarespace.com;Female;233.22.165.127
41;Shelia;Vittel;svittel14@google.de;Male;197.88.5.0
40;Adriane;Drewson;adrewson13@twitter.com;Female;35.227.122.24
39;Carling;De'Ath;cdeath12@dagondesign.com;Male;100.178.59.42
38;Ardath;Kentwell;akentwell11@sciencedirect.com;Female;135.240.59.195
37;Mareah;Thewless;mthewless10@abc.net.au;Female;246.41.4.29
36;Bruis;Sturch;bsturchz@meetup.com;Male;19.66.169.251
35;Trumann;Troy;ttroyy@google.co.uk;Male;188.15.205.161
34;Cory;Sellors;csellorsx@webmd.com;Male;249.8.94.109
33;Maryrose;Davidowsky;mdavidowskyw@sogou.com;Non-binary;198.115.68.65
32;Davis;Sharpley;dsharpleyv@cdbaby.com;Genderqueer;189.201.250.41
31;Haleigh;Attril;hattrilu@godaddy.com;Female;141.183.144.43
30;Amery;Bannon;abannont@tiny.cc;Female;167.222.56.80
29;Oswell;Tennick;otennicks@123-reg.co.uk;Male;156.182.155.169
28;Arman;Theakston;atheakstonr@t-online.de;Bigender;38.18.41.158
27;Ericka;Webling;eweblingq@sfgate.com;Male;238.233.201.116
26;Donnell;Bothen;dbothenp@gnu.org;Male;23.136.51.101
25;Patsy;Lawn;plawno@wp.com;Male;138.123.14.18
24;Staffard;MacDearmaid;smacdearmaidn@feedburner.com;Female;99.117.206.25
23;Britta;Howsam;bhowsamm@newsvine.com;Female;12.119.218.246
22;Penny;Cucinotta;pcucinottal@yellowpages.com;Female;76.202.84.197
21;Raquela;Cartmill;rcartmillk@storify.com;Female;85.34.152.145
20;Rory;Cabedo;rcabedoj@shutterfly.com;Male;69.199.213.22
19;Fredelia;Shewan;fshewani@google.com;Male;245.124.105.187
18;Lisette;Kinnaird;lkinnairdh@baidu.com;Female;69.121.38.180
17;Morganica;McGann;mmcganng@spiegel.de;Female;199.94.145.207
16;Kalie;Ruddick;kruddickf@sciencedirect.com;Male;150.206.210.246
15;Kiel;Ind;kinde@symantec.com;Female;28.31.161.139
14;Elli;Undrell;eundrelld@eepurl.com;Female;126.243.93.248
13;Bartholomeus;Mitchely;bmitchelyc@kickstarter.com;Male;18.23.190.32
12;Sinclair;Vigers;svigersb@examiner.com;Male;16.240.191.137
11;Maritsa;Rogez;mrogeza@goo.ne.jp;Female;112.25.9.235
10;Kary;Pettwood;kpettwood9@unc.edu;Male;249.80.158.94
9;Pauly;Schuricht;pschuricht8@wordpress.org;Male;88.2.244.153
8;Cameron;Reitenbach;creitenbach7@webnode.com;Male;67.94.79.192
7;Nonna;Casaro;ncasaro6@columbia.edu;Male;217.130.234.203
6;Bendicty;Robbert;brobbert5@linkedin.com;Male;163.79.253.188
5;Howie;Halse;hhalse4@blinklist.com;Female;41.110.120.128
4;Mahalia;Calvie;mcalvie3@pbs.org;Male;183.128.164.22
3;Leoline;Blaschke;lblaschke2@google.com;Male;164.96.200.37
2;alpha;Jovicic;hjovicic1@php.net;Male;141.9.152.133
1;Adelle;Landes;alandes0@twitpic.com;Female;113.162.41.202
